{"((0, 0, 3, 3), (3, 0, 0, 3))": 0.023315, "((0, 3, 0, 3), (0, 0, 3, 3))": 0.0247475, "((0, 3, 3, 0), (3, 3, 0, 0))": 0.021295, "((0, 3, 0, 3), (3, 0, 0, 3))": 0.022135000000000002, "((0, 3, 0, 3), (3, 3, 0, 0))": 0.022022499999999997, "((0, 3, 3, 0), (3, 0, 3, 0))": 0.022435, "((0, 3, 0, 3), (0, 3, 3, 0))": 0.0226325, "((0, 0, 3, 3), (0, 3, 3, 0))": 0.02262, "((0, 0, 3, 3), (3, 0, 3, 0))": 0.021622500000000003, "((3, 0, 0, 3), (3, 0, 3, 0))": 0.0200375, "((3, 0, 0, 3), (3, 3, 0, 0))": 0.015725, "((3, 3, 0, 0), (3, 0, 3, 0))": 0.014875, "((0, 0, 3, 3), (3, 3, 0, 0))": 0.005392500000000001, "((3, 0, 0, 3), (0, 3, 3, 0))": 0.0056125, "((0, 3, 0, 3), (3, 0, 3, 0))": 0.0053025, "((3, 0, 3, 0), (3, 3, 3, 0))": 0.0014500000000000001, "((3, 0, 0, 3), (3, 3, 0, 3))": 0.0014, "((3, 0, 3, 0), (3, 0, 0, 0))": 0.0015, "((0, 3, 0, 3), (0, 3, 3, 3))": 0.0019975, "((3, 3, 0, 0), (3, 3, 3, 0))": 0.0014500000000000001, "((0, 0, 3, 3), (0, 0, 3, 0))": 0.0014525, "((3, 0, 0, 3), (3, 0, 3, 3))": 0.001425, "((3, 3, 0, 0), (3, 3, 0, 3))": 0.0011, "((0, 3, 3, 0), (3, 3, 3, 0))": 0.0017900000000000001, "((0, 3, 0, 3), (0, 0, 0, 3))": 0.0014, "((3, 0, 3, 0), (3, 0, 3, 3))": 0.001575, "((0, 0, 3, 3), (0, 0, 0, 3))": 0.0015525, "((3, 0, 0, 3), (0, 0, 0, 3))": 0.0012825, "((0, 0, 3, 3), (3, 0, 3, 3))": 0.00186, "((3, 0, 3, 0), (0, 0, 3, 0))": 0.001205, "((3, 3, 0, 0), (0, 3, 0, 0))": 0.0014524999999999998, "((0, 3, 0, 3), (3, 3, 0, 3))": 0.0016575, "((0, 3, 3, 0), (0, 3, 3, 3))": 0.00166, "((3, 0, 0, 3), (3, 0, 0, 0))": 0.0012075, "((3, 0, 0, 3), (3, 3, 3, 0))": 0.0005499999999999999, "((0, 3, 0, 3), (0, 0, 3, 0))": 0.00068, "((0, 3, 0, 3), (0, 3, 0, 0))": 0.0010875000000000001, "((0, 3, 3, 0), (0, 3, 0, 0))": 0.0011175, "((0, 3, 0, 3), (3, 3, 3, 0))": 0.0009975000000000001, "((0, 0, 3, 3), (0, 3, 3, 3))": 0.001645, "((0, 0, 3, 3), (3, 3, 3, 0))": 0.0009674999999999999, "((3, 3, 0, 0), (3, 0, 0, 0))": 0.0012425000000000001, "((0, 3, 3, 0), (0, 0, 0, 3))": 0.000595, "((0, 3, 3, 0), (0, 0, 3, 0))": 0.0012825, "((3, 0, 0, 3), (0, 3, 0, 0))": 0.0005575, "((0, 3, 3, 0), (3, 3, 0, 3))": 0.0007775, "((3, 3, 0, 0), (3, 0, 3, 3))": 0.0007, "((0, 0, 3, 3), (0, 3, 0, 0))": 0.000465, "((0, 0, 3, 3), (3, 3, 0, 3))": 0.00061, "((0, 3, 3, 0), (3, 0, 3, 3))": 0.0006850000000000001, "((3, 0, 0, 3), (0, 0, 3, 0))": 0.000565, "((0, 3, 0, 3), (3, 0, 0, 0))": 0.000585, "((0, 3, 0, 3), (3, 0, 3, 3))": 0.000695, "((3, 0, 0, 3), (0, 3, 3, 3))": 0.0006525, "((3, 3, 0, 0), (0, 0, 0, 3))": 0.0005574999999999999, "((0, 0, 3, 3), (3, 0, 0, 0))": 0.0004775, "((3, 0, 3, 0), (0, 3, 0, 0))": 0.00035, "((0, 3, 3, 0), (3, 0, 0, 0))": 0.00045, "((3, 0, 3, 0), (3, 3, 0, 3))": 0.00042500000000000003, "((3, 0, 3, 0), (0, 0, 0, 3))": 0.00038250000000000003, "((3, 3, 0, 0), (0, 0, 3, 0))": 0.00045, "((3, 0, 3, 0), (0, 3, 3, 3))": 0.0006200000000000001, "((3, 0, 0, 0), (0, 0, 0, 3))": 0.00023999999999999998, "((3, 3, 0, 0), (0, 3, 3, 3))": 0.000705, "((3, 3, 3, 0), (0, 3, 3, 3))": 0.000205, "((3, 0, 3, 3), (3, 3, 0, 3))": 0.000175, "((3, 3, 3, 0), (0, 0, 0, 3))": 5.75e-05, "((0, 0, 3, 0), (0, 3, 0, 0))": 0.0001125, "((3, 0, 0, 0), (0, 3, 0, 0))": 0.0001425, "((0, 0, 0, 3), (0, 3, 0, 0))": 9.5e-05, "((0, 3, 3, 3), (0, 0, 0, 3))": 6.25e-05, "((3, 0, 3, 3), (0, 0, 0, 3))": 3.5000000000000004e-05, "((0, 3, 3, 3), (0, 0, 3, 0))": 3.7500000000000003e-05, "((3, 0, 3, 3), (0, 0, 3, 0))": 0.00010750000000000001, "((3, 3, 3, 0), (0, 0, 3, 0))": 5.25e-05, "((0, 0, 3, 3), (3, 3, 3, 3))": 2.75e-05, "((0, 3, 3, 0), (3, 3, 3, 3))": 6.25e-05, "((0, 3, 3, 3), (3, 3, 0, 3))": 0.00019499999999999997, "((3, 0, 3, 3), (3, 0, 0, 0))": 3.5000000000000004e-05, "((3, 3, 3, 0), (3, 0, 0, 0))": 8.750000000000001e-05, "((3, 0, 3, 3), (3, 3, 3, 0))": 0.0001}