{"(0, 0, 0, 0)": 2.5e-06, "(0, 3, 3, 0)": 0.3908275, "(3, 0, 0, 0)": 0.0221475, "(3, 3, 0, 3)": 0.0480975, "(3, 3, 3, 3)": 0.00292, "(0, 3, 0, 3)": 0.39769000000000004, "(3, 0, 0, 3)": 0.39102, "(3, 3, 3, 0)": 0.04993499999999999, "(3, 0, 3, 3)": 0.0536875, "(0, 3, 3, 3)": 0.048909999999999995, "(0, 0, 0, 3)": 0.020825, "(3, 3, 0, 0)": 0.3877825, "(3, 0, 3, 0)": 0.38295, "(0, 0, 3, 0)": 0.0206275, "(0, 0, 3, 3)": 0.39580000000000004, "(0, 3, 0, 0)": 0.018825}