{"(0, 0, 0, 0)": 0, "(0, 3, 3, 0)": 0.026850000000000002, "(3, 0, 0, 0)": 0.0017525, "(3, 3, 0, 3)": 0.00141, "(3, 3, 3, 3)": 3e-05, "(0, 3, 0, 3)": 0.0269325, "(3, 0, 0, 3)": 0.0265875, "(3, 3, 3, 0)": 0.0012225, "(0, 3, 3, 3)": 0.0016549999999999998, "(3, 0, 3, 3)": 0.0016025, "(0, 0, 0, 3)": 0.0018124999999999999, "(3, 3, 0, 0)": 0.025875000000000002, "(3, 0, 3, 0)": 0.025035, "(0, 0, 3, 0)": 0.0015975000000000002, "(0, 0, 3, 3)": 0.027372499999999998, "(0, 3, 0, 0)": 0.0016099999999999999}